{
  "project_info": {
    "project_number": "949793446742",
    "project_id": "factura-477ac",
    "storage_bucket": "factura-477ac.appspot.com"
  },
  "client": [
    {
      "client_info": {
        "mobilesdk_app_id": "1:949793446742:android:230b2c8fb0a969a65a94f7",
        "android_client_info": {
          "package_name": "com.example.parcialfactura"
        }
      },
      "oauth_client": [],
      "api_key": [
        {
          "current_key": "AIzaSyD8hLdtdW4poTKcAbQp_tgM7l2BS3CctL0"
        }
      ],
      "services": {
        "appinvite_service": {
          "other_platform_oauth_client": []
        }
      }
    }
  ],
  "configuration_version": "1"
}